ID;Дата и Время;Текст Поста;Ссылка на Медиа;Платформа;Статус
1;15.04.2026 10:00;"?? Ваша крипта — Их банковский счет. Оплачивайте инвойсы, аренду или услуги в Испании напрямую криптой через Pago Facil. Лицензия D663 гарантирует чистоту платежа.";https://images.unsplash.com/photo-1621761191319-c6fb62004040;TG;Готово к публикации
2;16.04.2026 12:00;"?? Будущее B2B — расчеты в USDC. Экономия до 3% на транзакциях и зачисление за минуты. Все закрывающие документы для налоговой Испании.";https://images.unsplash.com/photo-1551288049-bebda4e38f71;IG;Черновик
3;17.04.2026 15:00;"?? Покупка недвижимости в Испании за USDT. Мы обеспечиваем легальный мост между вашим криптокошельком и банковским счетом нотариуса. Покупка мечты — это просто.";https://images.unsplash.com/photo-1560518883-ce09059eeffa;CMS;Черновик
4;18.04.2026 18:00;"?? Безопасность Kinetic Vault. Ваши средства под защитой технологий военного уровня. Каждая операция проходит аудит безопасности.";https://images.unsplash.com/photo-1558494949-ef010cbdcc48;TG;Черновик
5;19.04.2026 11:00;"?? Воскресный дайджест: крипто-регулирование в Европе. Почему новые правила MiCA выгодны для вашего бизнеса?";https://images.unsplash.com/photo-1495474472287-4d71bcdd2085;IG;Готово к публикации
6;20.04.2026 09:00;"?? Как снизить налоги при операциях с криптовалютой? Консультируем наших B2B клиентов по легальной оптимизации.";https://images.unsplash.com/photo-1554224155-6726b3ff858f;CMS;Черновик
7;21.04.2026 13:00;"?? Оплата предметов роскоши криптовалютой. Покупали ли вы часы или яхты за Ethereum? С нами это легально и быстро.";https://images.unsplash.com/photo-1523275335684-37898b6baf30;IG;Черновик
8;22.04.2026 10:00;"?? Что такое KYC и почему это важно? Мы делаем комплаенс простым и понятным для каждого нашего клиента.";https://images.unsplash.com/photo-1507925921958-8a62f3d1a50d;TG;Готово к публикации
9;23.04.2026 14:00;"???? Магазины Pago Facil в Испании. Нас уже более 20 точек! Найдите ближайший пункт обмена на нашей карте.";https://images.unsplash.com/photo-1583422409516-2895a77efded;IG;Черновик
10;24.04.2026 16:00;"?? Скорость имеет значение. Почему транзакции через Pago Facil проходят быстрее, чем межбанковский SEPA перевод.";https://images.unsplash.com/photo-1451187580459-43490279c0fa;CMS;Черновик
11;25.04.2026 12:00;"?? Стабильность в стейблкоинах. Как защитить свой капитал от инфляции, не выходя из крипто-экосистемы.";https://images.unsplash.com/photo-1611974714407-8e7c3d1ed14b;TG;Черновик
12;26.04.2026 11:00;"?? Жизнь на Мальорке с Pago Facil. Обмен крипты на наличные для комфортного отдыха на островах.";https://images.unsplash.com/photo-1500382017468-9049fed747ef;IG;Готово к публикации
13;27.04.2026 09:00;"?? Корпоративный аккаунт Pago Facil: 5 причин открыть его сегодня для вашего международного бизнеса.";https://images.unsplash.com/photo-1460925895917-afdab827c52f;CMS;Черновик
14;28.04.2026 13:00;"?? Автоматизация выплат поставщикам. Интегрируйте наш API и забудьте о ручных переводах.";https://images.unsplash.com/photo-1485827404703-89b55fcc595e;TG;Черновик
15;29.04.2026 15:00;"? Премиальное обслуживание для крупных сделок. Индивидуальные тарифы и персональный менеджер 24/7.";https://images.unsplash.com/photo-1512428559083-a400a3b84075;IG;Черновик
16;30.04.2026 10:00;"?? Почему мы выбираем USDC вместо USDT для B2B? Разбор безопасности и прозрачности резервов.";https://images.unsplash.com/photo-1621504450181-5d356f63d3ee;TG;Готово к публикации
17;01.05.2026 12:00;"?? Экологичность блокчейна. Как современные сети снижают углеродный след и почему это важно для будущего финтеха.";https://images.unsplash.com/photo-1473448912268-2022ce9509d8;IG;Черновик
18;02.05.2026 11:00;"?? Майские праздники в Испании. Работа наших физических точек обмена в Барселоне и Мадриде.";https://images.unsplash.com/photo-1539037116277-4db20889f2d4;CMS;Черновик
19;03.05.2026 14:00;"?? Pago Facil в вашем смартфоне. Обзор функций нашего мобильного приложения. Обмен в 3 клика.";https://images.unsplash.com/photo-1512941937669-90a1b58e7e9c;TG;Черновик
20;04.05.2026 09:00;"?? Как оформить инвойс для оплаты криптой? Пошаговая инструкция для фрилансеров и агентств.";https://images.unsplash.com/photo-1554415707-6e8cfc93fe23;CMS;Черновик
21;05.05.2026 13:00;"?? Инвестиции в искусство через блокчейн. Как легально покупать NFT и картины за крипту в Европе.";https://images.unsplash.com/photo-1561037404-61cd46aa615b;IG;Черновик
22;06.05.2026 10:00;"?? Виртуальный офис для вашего бизнеса в Испании. Принимайте платежи так, будто вы находитесь здесь.";https://images.unsplash.com/photo-1497366216548-37526070297c;TG;Готово к публикации
23;07.05.2026 15:00;"?? Мост между DeFi и TradFi. Как Pago Facil создает будущее, где нет границ для ваших финансов.";https://images.unsplash.com/photo-1449824913935-59a10b8d2000;IG;Черновик
24;08.05.2026 16:00;"?? Документация для банка. Какие бумаги нужно иметь при себе после обмена крипты на фиат.";https://images.unsplash.com/photo-1450101499163-c8848c66ca85;CMS;Черновик
25;09.05.2026 12:00;"?? Свобода перемещения капитала. Почему независимый финтех — это ключ к финансовой независимости.";https://images.unsplash.com/photo-1521737711867-e3b97375f902;TG;Черновик
26;10.05.2026 11:00;"?? Утренний кофе и крипта. Самые интересные новости недели в нашем Telegram-канале.";https://images.unsplash.com/photo-1495474472287-4d71bcdd2085;IG;Готово к публикации
27;11.05.2026 09:00;"?? Развитие инфраструктуры: новые партнерства Pago Facil с банками Испании и Андорры.";https://images.unsplash.com/photo-1486406146926-c627a92ad1ab;CMS;Черновик
28;12.05.2026 13:00;"????>? Как распознать мошенников в сфере обмена крипты? Правила безопасности от экспертов Pago Facil.";https://images.unsplash.com/photo-1563986768609-322da13575f3;TG;Черновик
29;13.05.2026 15:00;"?? Программа лояльности для постоянных клиентов. Сниженные комиссии и эксклюзивные условия.";https://images.unsplash.com/photo-1513506003901-1e6a229e2d15;IG;Черновик
30;14.05.2026 10:00;"?? Итоги месяца с Pago Facil. Мы растем вместе с вами. Спасибо, что доверяете нам свои финансы!";https://images.unsplash.com/photo-1552664730-d307ca884978;TG;Готово к публикации
